{
  "correlation_results": {
    "BLEU": {
      "pearson": 0.4125372591662732,
      "spearman": 0.4970869658576367,
      "kendall": 0.34367144072659206,
      "p_value_pearson": 7.214194179751154e-18,
      "p_value_spearman": 2.362053558347493e-26,
      "p_value_kendall": 1.4756230459261417e-24
    },
    "CHRF++": {
      "pearson": 0.7393956529935527,
      "spearman": 0.6902891557716426,
      "kendall": 0.49754460679680124,
      "p_value_pearson": 2.2468825751296075e-70,
      "p_value_spearman": 6.700017077370906e-58,
      "p_value_kendall": 1.2400540291370285e-49
    },
    "TER": {
      "pearson": 0.46631631435013937,
      "spearman": 0.4426484084662219,
      "kendall": 0.31060868163736044,
      "p_value_pearson": 5.470521049336945e-23,
      "p_value_spearman": 1.2705131767665172e-20,
      "p_value_kendall": 1.2554129545849973e-19
    },
    "ROUGE": {
      "pearson": 0.11363267703473412,
      "spearman": 0.06332186374025343,
      "kendall": 0.04825391774726266,
      "p_value_pearson": 0.02303173686982581,
      "p_value_spearman": 0.20632246577308538,
      "p_value_kendall": 0.20990548503916795
    },
    "COMET": {
      "pearson": 0.8668977401090487,
      "spearman": 0.7587276196994338,
      "kendall": 0.5635584433425308,
      "p_value_pearson": 2.1344475154394857e-122,
      "p_value_spearman": 4.308990310089534e-76,
      "p_value_kendall": 3.6293257576730747e-63
    }
  },
  "summary_statistics": {
    "BLEU": {
      "mean": 11.11724018599519,
      "std": 8.640475732627719,
      "min": 0.0,
      "max": 57.64183534834001,
      "count": 400
    },
    "CHRF++": {
      "mean": 41.08555208290425,
      "std": 15.323877353451266,
      "min": 0.7000224663509598,
      "max": 73.65117919954638,
      "count": 400
    },
    "TER": {
      "mean": 0.1774868157164763,
      "std": 0.1386227973595192,
      "min": 0.0,
      "max": 0.6363636363636364,
      "count": 400
    },
    "ROUGE": {
      "mean": 0.25097933527824834,
      "std": 0.3855388957356958,
      "min": 0.0,
      "max": 1.0,
      "count": 400
    },
    "COMET": {
      "mean": 0.7461655309796333,
      "std": 0.19938984793496087,
      "min": 0.19343146681785583,
      "max": 0.9648236036300659,
      "count": 400
    }
  }
}